{
  "interactive-discover-1": {
    "v0": {
      "n_results": 6,
      "n_http_requests": 129,
      "execution_time": {
        "average": 3868.414373519999,
        "min": 3045.1981559999986,
        "max": 4359.539588,
        "std": 376.09278405747773
      }
    },
    "v1": {
      "n_results": 4,
      "n_http_requests": 20,
      "execution_time": {
        "average": 677.9842741200002,
        "min": 637.0770440000051,
        "max": 729.8933479999978,
        "std": 26.066876593324228
      }
    },
    "v2": {
      "n_results": 1,
      "n_http_requests": 17,
      "execution_time": {
        "average": 266.0813721000016,
        "min": 252.69842700001027,
        "max": 302.51986700001,
        "std": 9.072643418863459
      }
    },
    "v3": {
      "n_results": 14,
      "n_http_requests": 224,
      "execution_time": {
        "average": 4276.8162275600025,
        "min": 3699.7413640000013,
        "max": 5154.869633999988,
        "std": 266.65015692621404
      }
    },
    "v4": {
      "n_results": 8,
      "n_http_requests": 74,
      "execution_time": {
        "average": 2556.8288442400003,
        "min": 2329.0451370000083,
        "max": 2771.5985389999987,
        "std": 155.89013496548932
      }
    }
  },
  "interactive-discover-2": {
    "v0": {
      "n_results": 66,
      "n_http_requests": 129,
      "execution_time": {
        "average": 4396.651062199999,
        "min": 3907.8438860000024,
        "max": 5240.691592000003,
        "std": 375.3059114199468
      }
    },
    "v1": {
      "n_results": 46,
      "n_http_requests": 20,
      "execution_time": {
        "average": 814.9948329199979,
        "min": 755.8270090000005,
        "max": 867.8575929999934,
        "std": 31.539371216228197
      }
    },
    "v2": {
      "n_results": 32,
      "n_http_requests": 18,
      "execution_time": {
        "average": 570.3972104200002,
        "min": 537.8929170000047,
        "max": 631.3404710000032,
        "std": 20.97229233718152
      }
    },
    "v3": {
      "n_results": 198,
      "n_http_requests": 224,
      "execution_time": {
        "average": 4605.321301380001,
        "min": 4127.113817999998,
        "max": 5181.616521000004,
        "std": 297.50382132411306
      }
    },
    "v4": {
      "n_results": 98,
      "n_http_requests": 121,
      "execution_time": {
        "average": 3998.673594300001,
        "min": 3456.017620999992,
        "max": 4371.718924000001,
        "std": 257.597426404588
      }
    }
  },
  "interactive-discover-3": {
    "v0": {
      "n_results": 71,
      "n_http_requests": 255,
      "execution_time": {
        "average": 3723.9977421599997,
        "min": 3273.1670509999967,
        "max": 4856.817043000003,
        "std": 372.94176934589103
      }
    },
    "v1": {
      "n_results": 67,
      "n_http_requests": 148,
      "execution_time": {
        "average": 2178.198846919999,
        "min": 1701.460899999991,
        "max": 2671.153185999996,
        "std": 305.29106890622967
      }
    },
    "v2": {
      "n_results": 55,
      "n_http_requests": 102,
      "execution_time": {
        "average": 1634.4957248999997,
        "min": 1344.4225369999913,
        "max": 1860.1916610000044,
        "std": 126.42855781845728
      }
    },
    "v3": {
      "n_results": 203,
      "n_http_requests": 430,
      "execution_time": {
        "average": 5997.707563239997,
        "min": 5567.072677000004,
        "max": 7329.9726089999895,
        "std": 259.93314188818323
      }
    },
    "v4": {
      "n_results": 142,
      "n_http_requests": 272,
      "execution_time": {
        "average": 3864.7394860800005,
        "min": 3150.2176769999933,
        "max": 5559.034922999999,
        "std": 543.4040927515586
      }
    }
  },
  "interactive-discover-4": {
    "v0": {
      "n_results": 5,
      "n_http_requests": 64,
      "execution_time": {
        "average": 1124.6455764599993,
        "min": 987.3288949999987,
        "max": 1405.5846420000016,
        "std": 112.86072238403284
      }
    },
    "v1": {
      "n_results": 3,
      "n_http_requests": 24,
      "execution_time": {
        "average": 732.6717398200003,
        "min": 663.872206,
        "max": 826.9068119999865,
        "std": 40.043234472379865
      }
    },
    "v2": {
      "n_results": 3,
      "n_http_requests": 33,
      "execution_time": {
        "average": 707.2286091199994,
        "min": 641.9564470000041,
        "max": 767.2683629999956,
        "std": 38.481176504823715
      }
    },
    "v3": {
      "n_results": 3,
      "n_http_requests": 229,
      "execution_time": {
        "average": 3916.1570755000007,
        "min": 3640.1878020000004,
        "max": 4530.999985000002,
        "std": 200.93118706342898
      }
    },
    "v4": {
      "n_results": 7,
      "n_http_requests": 154,
      "execution_time": {
        "average": 3449.3665152199997,
        "min": 3167.4038940000028,
        "max": 3841.8944550000015,
        "std": 223.09689087900477
      }
    }
  },
  "interactive-discover-5": {
    "v0": {
      "n_results": 15,
      "n_http_requests": 129,
      "execution_time": {
        "average": 3256.651725720001,
        "min": 2319.0607630000013,
        "max": 3793.4294260000024,
        "std": 391.7533271172549
      }
    },
    "v1": {
      "n_results": 3,
      "n_http_requests": 20,
      "execution_time": {
        "average": 452.9622832399988,
        "min": 425.4998360000027,
        "max": 501.3549229999917,
        "std": 18.304586026247048
      }
    },
    "v2": {
      "n_results": 3,
      "n_http_requests": 18,
      "execution_time": {
        "average": 346.41453336000035,
        "min": 328.8863199999905,
        "max": 395.1098030000139,
        "std": 12.279660734778037
      }
    },
    "v3": {
      "n_results": 4,
      "n_http_requests": 224,
      "execution_time": {
        "average": 3335.083230600002,
        "min": 2984.3131500000018,
        "max": 3541.7779439999867,
        "std": 164.04477098814598
      }
    },
    "v4": {
      "n_results": 20,
      "n_http_requests": 121,
      "execution_time": {
        "average": 2859.2525484199996,
        "min": 2258.2186440000078,
        "max": 3398.6374480000086,
        "std": 391.12509552679796
      }
    }
  },
  "interactive-discover-6": {
    "v0": {
      "timeout": 120000
    },
    "v1": {
      "n_results": 1,
      "n_http_requests": 20,
      "execution_time": {
        "average": 601.5953652799994,
        "min": 553.6307669999951,
        "max": 642.6911430000036,
        "std": 24.143543655359874
      }
    },
    "v2": {
      "n_results": 1,
      "n_http_requests": 25,
      "execution_time": {
        "average": 538.3811958400006,
        "min": 505.2266030000028,
        "max": 584.963121000008,
        "std": 19.252902031000165
      }
    },
    "v3": {
      "timeout": 120000
    },
    "v4": {
      "n_results": 27,
      "n_http_requests": 131,
      "execution_time": {
        "average": 4269.814574280001,
        "min": 3986.7328200000047,
        "max": 4652.229725000012,
        "std": 187.49142638408875
      }
    }
  },
  "interactive-discover-7": {
    "v0": {
      "timeout": 120000
    },
    "v1": {
      "n_results": 1,
      "n_http_requests": 20,
      "execution_time": {
        "average": 606.2655686399993,
        "min": 558.962400000004,
        "max": 662.780031000002,
        "std": 28.724062322571164
      }
    },
    "v2": {
      "n_results": 1,
      "n_http_requests": 26,
      "execution_time": {
        "average": 577.84436816,
        "min": 543.4133350000047,
        "max": 610.8094379999966,
        "std": 19.233142904621992
      }
    },
    "v3": {
      "timeout": 120000
    },
    "v4": {
      "n_results": 1,
      "n_http_requests": 132,
      "execution_time": {
        "average": 3509.6182543200002,
        "min": 3201.6776979999995,
        "max": 3968.7449919999926,